{"ActsBootstrapTest": {"subsystem": "startup", "build_target_name": "ActsBootstrapTest"}, "ActsParameterTest": {"subsystem": "startup", "build_target_name": "ActsParameterTest"}, "ActsSamgrTest": {"subsystem": "distributed_schedule", "build_target_name": "ActsSamgrTest"}, "ActsWifiIotTest": {"subsystem": "iot_hardware", "build_target_name": "ActsWifiIotTest"}, "ActsKvStoreTest": {"subsystem": "utils", "build_target_name": "ActsKvStoreTest"}, "ActsUtilsFileTest": {"subsystem": "utils", "build_target_name": "ActsUtilsFileTest"}, "ActsSoftBusTest": {"subsystem": "communication", "build_target_name": "ActsSoftBusTest"}, "ActsWifiServiceTest": {"subsystem": "communication", "build_target_name": "ActsWifiServiceTest"}, "ActsLwipTest": {"subsystem": "communication", "build_target_name": "ActsLwipTest"}, "ActsDfxFuncTest": {"subsystem": "hiviewdfx", "build_target_name": "ActsDfxFuncTest"}, "ActsCMSISTest": {"subsystem": "kernel", "build_target_name": "ActsCMSISTest"}, "ActsUpdaterFuncTest": {"subsystem": "update", "build_target_name": "ActsUpdaterFuncTest"}}